{
  "case": "case_2_coil_exact",
  "wall_time_s": 70.48011190607212,
  "dofs": 3561,
  "dim_f": 770,
  "call_log": [],
  "objective_breakdown": [
    {
      "name": "QuadraticFlux",
      "dim_f": 81,
      "dim_x": 3561,
      "median_ms": 68.23289603926241,
      "times_ms": [
        71.811533998698,
        68.23289603926241,
        64.26368199754506
      ]
    },
    {
      "name": "CoilSetMinDistance",
      "dim_f": 212,
      "dim_x": 1272,
      "median_ms": 317.47258896939456,
      "times_ms": [
        317.47258896939456,
        317.6796790212393,
        317.17169808689505
      ]
    },
    {
      "name": "FixCoilCurrent",
      "dim_f": 53,
      "dim_x": 1272,
      "median_ms": 2.1852949867025018,
      "times_ms": [
        2.909615053795278,
        2.1852949867025018,
        2.064993022941053
      ]
    },
    {
      "name": "PlasmaCoilSetDistanceBound",
      "dim_f": 424,
      "dim_x": 1272,
      "median_ms": 79.4071729760617,
      "times_ms": [
        80.4275160189718,
        79.4071729760617,
        79.32668703142554
      ]
    }
  ]
}