{
  "case": "case_1_coil_auglag",
  "wall_time_s": 81.79989841603674,
  "dofs": 3561,
  "dim_f": 770,
  "call_log": [],
  "objective_breakdown": [
    {
      "name": "QuadraticFlux",
      "dim_f": 81,
      "dim_x": 3561,
      "median_ms": 71.25304592773318,
      "times_ms": [
        76.33923599496484,
        71.25304592773318,
        69.32933698408306
      ]
    },
    {
      "name": "CoilSetMinDistance",
      "dim_f": 212,
      "dim_x": 1272,
      "median_ms": 317.87530693691224,
      "times_ms": [
        318.40926106087863,
        317.87530693691224,
        317.4799430416897
      ]
    },
    {
      "name": "FixCoilCurrent",
      "dim_f": 53,
      "dim_x": 1272,
      "median_ms": 28.58378307428211,
      "times_ms": [
        90.70886403787881,
        28.58378307428211,
        4.228032077662647
      ]
    },
    {
      "name": "PlasmaCoilSetDistanceBound",
      "dim_f": 424,
      "dim_x": 1272,
      "median_ms": 79.9760069930926,
      "times_ms": [
        82.19764195382595,
        79.9760069930926,
        77.88130803965032
      ]
    }
  ]
}