{
  "case": "case_3_free_boundary",
  "wall_time_s": 159.56682576599997,
  "dofs": 4418,
  "dim_f": 867,
  "call_log": [],
  "objective_breakdown": [
    {
      "name": "Boundary error",
      "dim_f": 867,
      "dim_x": 4418,
      "median_ms": 960.2027940563858,
      "times_ms": [
        960.1739079225808,
        960.2027940563858,
        960.9682889422402
      ]
    }
  ]
}